--populate Employees table
insert into Employees (eid, name, address, email, phone, join_date, depart_date) values (1, 'Galen', '429 Parkside Junction', 'gyepiskopov0@google.com.au', '2495996139', '2010-09-11 05:58:48', null);
insert into Employees (eid, name, address, email, phone, join_date, depart_date) values (2, 'Rubie', '1 Moulton Park', 'randersen1@unc.edu', '8269709108', '2016-03-14 10:20:46', null);
insert into Employees (eid, name, address, email, phone, join_date, depart_date) values (3, 'Ahmad', '5 New Castle Trail', 'aspreull2@icq.com', '9251836354', '2002-01-16 06:15:40', '2003-02-14 04:37:37');
insert into Employees (eid, name, address, email, phone, join_date, depart_date) values (4, 'Lauren', '20 Miller Point', 'ldunnett3@taobao.com', '8732293388', '2006-05-02 21:17:57', null);
insert into Employees (eid, name, address, email, phone, join_date, depart_date) values (5, 'Andriana', '8 Monterey Plaza', 'aduffin4@webs.com', '1486338564', '2012-12-09 11:01:38', null);
insert into Employees (eid, name, address, email, phone, join_date, depart_date) values (6, 'Shirl', '19 Carey Trail', 'sboshier5@yandex.ru', '6801104330', '2014-04-30 07:33:51', null);
insert into Employees (eid, name, address, email, phone, join_date, depart_date) values (7, 'Ewen', '3 Mcbride Place', 'ebonafant6@ovh.net', '9636857315', '2003-08-25 17:04:26', '2016-10-18 13:12:42');
insert into Employees (eid, name, address, email, phone, join_date, depart_date) values (8, 'Arman', '2830 Fuller Circle', 'abaudrey7@yahoo.co.jp', '6581089478', '2016-10-03 02:28:14', null);
insert into Employees (eid, name, address, email, phone, join_date, depart_date) values (9, 'Elfie', '29354 Morning Plaza', 'esaltsberger8@skyrock.com', '5561151260', '2002-04-09 06:46:06', null);
insert into Employees (eid, name, address, email, phone, join_date, depart_date) values (10, 'Caz', '31 Gale Junction', 'csnellman9@tmall.com', '9937184305', '2007-07-04 07:04:28', null);
insert into Employees (eid, name, address, email, phone, join_date, depart_date) values (11, 'Sydney', '122 Melody Point', 'sstoffera@mozilla.com', '5302350951', '2007-04-30 04:58:28', null);
insert into Employees (eid, name, address, email, phone, join_date, depart_date) values (12, 'Urbano', '81508 Merry Alley', 'uudenb@unicef.org', '1419518628', '2017-08-21 23:44:36', null);
insert into Employees (eid, name, address, email, phone, join_date, depart_date) values (13, 'Robyn', '8374 Westridge Street', 'rsudronc@blogspot.com', '5126369891', '2005-12-18 00:20:31', null);
insert into Employees (eid, name, address, email, phone, join_date, depart_date) values (14, 'Conni', '116 Killdeer Parkway', 'cseymourd@blogspot.com', '1361520629', '2010-05-14 08:41:21', null);
insert into Employees (eid, name, address, email, phone, join_date, depart_date) values (15, 'Adah', '677 Heffernan Place', 'adalwise@a8.net', '3837845968', '2011-11-05 03:28:26', null);
insert into Employees (eid, name, address, email, phone, join_date, depart_date) values (16, 'Lucita', '3393 Schurz Alley', 'ljellyf@bizjournals.com', '7932487750', '2002-01-24 01:09:57', '2012-03-28 09:27:14');
insert into Employees (eid, name, address, email, phone, join_date, depart_date) values (17, 'Wait', '11219 Cardinal Court', 'wridolfog@facebook.com', '4682228375', '2000-09-13 07:41:19', '2005-10-30 21:58:28');
insert into Employees (eid, name, address, email, phone, join_date, depart_date) values (18, 'Caddric', '99804 Melvin Point', 'cperuttoh@edublogs.org', '6824057253', '2009-06-08 06:33:48', null);
insert into Employees (eid, name, address, email, phone, join_date, depart_date) values (19, 'Colette', '4085 Sullivan Point', 'cbroomheadi@google.ru', '6847222949', '2018-03-06 09:01:30', null);
insert into Employees (eid, name, address, email, phone, join_date, depart_date) values (20, 'Helene', '8291 Miller Avenue', 'hadamssonj@hud.gov', '2934865236', '2008-08-11 12:30:07', null);
insert into Employees (eid, name, address, email, phone, join_date, depart_date) values (21, 'Sutherland', '3 Algoma Place', 'szorenerk@wiley.com', '5102894849', '2018-01-07 10:46:18', null);
insert into Employees (eid, name, address, email, phone, join_date, depart_date) values (22, 'Niles', '17847 Spenser Point', 'nwhittockl@washingtonpost.com', '4511009595', '2010-06-04 22:37:47', null);
insert into Employees (eid, name, address, email, phone, join_date, depart_date) values (23, 'Angelina', '96 Hoepker Point', 'ahaddickm@foxnews.com', '7908962072', '2007-05-06 06:31:49', '2010-02-10 22:43:21');
insert into Employees (eid, name, address, email, phone, join_date, depart_date) values (24, 'Merrily', '419 Jay Crossing', 'mcamillin@behance.net', '1231911043', '2020-09-18 10:56:11', null);
insert into Employees (eid, name, address, email, phone, join_date, depart_date) values (25, 'Packston', '48849 Elka Parkway', 'peakeno@prnewswire.com', '2262530062', '2015-01-04 04:58:00', null);
insert into Employees (eid, name, address, email, phone, join_date, depart_date) values (26, 'Geri', '71014 Sutherland Road', 'ggrinsteadp@goodreads.com', '9645006330', '2006-01-10 23:09:03', null);
insert into Employees (eid, name, address, email, phone, join_date, depart_date) values (27, 'Gran', '91 Summit Street', 'gtremmilq@berkeley.edu', '2722711417', '2003-12-01 11:22:17', '2007-03-16 05:13:56');
insert into Employees (eid, name, address, email, phone, join_date, depart_date) values (28, 'Millie', '1 Aberg Junction', 'mranscombr@indiegogo.com', '1391439710', '2004-06-20 03:54:52', '2018-03-08 21:17:31');
insert into Employees (eid, name, address, email, phone, join_date, depart_date) values (29, 'Georgie', '41 Ludington Court', 'gbalhams@jiathis.com', '1814498106', '2020-05-18 21:37:50', null);
insert into Employees (eid, name, address, email, phone, join_date, depart_date) values (30, 'Randolph', '1 Mayer Street', 'rbrowert@dell.com', '6435170149', '2019-04-19 03:14:52', null);
insert into Employees (eid, name, address, email, phone, join_date, depart_date) values (31, 'Alleyn', '3555 Service Place', 'adiddamsu@kickstarter.com', '8448680920', '2008-01-03 11:04:21', null);
insert into Employees (eid, name, address, email, phone, join_date, depart_date) values (32, 'Kinna', '216 Ohio Park', 'khuccabyv@furl.net', '3815873216', '2016-06-07 20:58:21', null);
insert into Employees (eid, name, address, email, phone, join_date, depart_date) values (33, 'Judy', '21 Mifflin Way', 'jmatteviw@moonfruit.com', '9955078034', '2019-07-17 02:00:23', null);
insert into Employees (eid, name, address, email, phone, join_date, depart_date) values (34, 'Dorthy', '73 Autumn Leaf Terrace', 'dgreatbanksx@yahoo.co.jp', '5382223637', '2020-07-17 04:13:41', null);
insert into Employees (eid, name, address, email, phone, join_date, depart_date) values (35, 'Flinn', '20 Lakewood Junction', 'ftorbecky@tripadvisor.com', '6163506969', '2020-01-11 10:22:08', null);
insert into Employees (eid, name, address, email, phone, join_date, depart_date) values (36, 'Cyrille', '029 Union Place', 'cberendsenz@symantec.com', '2756443944', '2015-01-17 22:37:18', '2018-06-08 02:14:50');
insert into Employees (eid, name, address, email, phone, join_date, depart_date) values (37, 'Ky', '5474 Ludington Alley', 'kransbury10@google.fr', '4573881316', '2003-10-24 20:00:21', null);
insert into Employees (eid, name, address, email, phone, join_date, depart_date) values (38, 'Broderick', '7692 Muir Circle', 'bderby11@alibaba.com', '7372490932', '2001-06-25 06:43:39', '2008-07-07 16:27:47');
insert into Employees (eid, name, address, email, phone, join_date, depart_date) values (39, 'Rabi', '3 Pennsylvania Place', 'rmoryson12@yellowbook.com', '1103173676', '2004-09-30 19:58:18', null);
insert into Employees (eid, name, address, email, phone, join_date, depart_date) values (40, 'Shannen', '29 Lakewood Way', 'sbendon13@squidoo.com', '3917771249', '2018-07-28 04:11:35', null);
insert into Employees (eid, name, address, email, phone, join_date, depart_date) values (41, 'Oliver', '4 Granby Avenue', 'oknott14@yelp.com', '4972700544', '2020-04-08 05:16:08', null);
insert into Employees (eid, name, address, email, phone, join_date, depart_date) values (42, 'Georgi', '66 Forest Lane', 'gmaxfield15@amazon.co.uk', '7639853634', '2017-06-06 06:26:15', null);
insert into Employees (eid, name, address, email, phone, join_date, depart_date) values (43, 'Aeriell', '299 Banding Park', 'amanford16@sciencedirect.com', '8352097102', '2012-04-04 05:04:22', null);
insert into Employees (eid, name, address, email, phone, join_date, depart_date) values (44, 'Marianne', '6461 Mockingbird Parkway', 'mfalls17@indiatimes.com', '7672556360', '2011-01-23 23:13:23', null);
insert into Employees (eid, name, address, email, phone, join_date, depart_date) values (45, 'Hayward', '2718 Pleasure Court', 'hmcgee18@amazon.co.jp', '7713532181', '2015-07-25 18:23:32', null);
insert into Employees (eid, name, address, email, phone, join_date, depart_date) values (46, 'Burt', '1 Butternut Road', 'bcantwell19@sina.com.cn', '3152123865', '2015-03-01 18:25:59', null);
insert into Employees (eid, name, address, email, phone, join_date, depart_date) values (47, 'Hettie', '2 Loomis Crossing', 'hgalgey1a@51.la', '8507748803', '2014-02-04 08:16:31', null);
insert into Employees (eid, name, address, email, phone, join_date, depart_date) values (48, 'Bobette', '6614 Lerdahl Trail', 'bcelloni1b@wired.com', '1144716169', '2012-07-04 20:48:36', null);
insert into Employees (eid, name, address, email, phone, join_date, depart_date) values (49, 'Jeniffer', '87030 Lerdahl Crossing', 'jdomican1c@delicious.com', '7152598478', '2010-07-17 01:57:19', null);
insert into Employees (eid, name, address, email, phone, join_date, depart_date) values (50, 'Blakeley', '133 Walton Court', 'bsplaven1d@hubpages.com', '8532476317', '2016-12-28 16:32:12', null);

--populate Pay_slips table
insert into Pay_slips (eid, payment_date, amount, num_work_hours, num_work_days) values (1, '2020-08-18 03:06:59', 4401, null, 21);
insert into Pay_slips (eid, payment_date, amount, num_work_hours, num_work_days) values (2, '2020-11-24 23:21:58', 3589, null, 28);
insert into Pay_slips (eid, payment_date, amount, num_work_hours, num_work_days) values (4, '2020-12-07 02:39:50', 4912, null, 25);
insert into Pay_slips (eid, payment_date, amount, num_work_hours, num_work_days) values (8, '2020-03-06 01:59:18', 3015, null, 16);
insert into Pay_slips (eid, payment_date, amount, num_work_hours, num_work_days) values (15, '2020-06-09 21:55:51', 3937, null, 23);
insert into Pay_slips (eid, payment_date, amount, num_work_hours, num_work_days) values (18, '2020-07-19 09:56:28', 1898, null, 17);
insert into Pay_slips (eid, payment_date, amount, num_work_hours, num_work_days) values (20, '2020-03-28 01:13:04', 3362, null, 29);
insert into Pay_slips (eid, payment_date, amount, num_work_hours, num_work_days) values (24, '2021-03-11 21:15:55', 2537, null, 19);
insert into Pay_slips (eid, payment_date, amount, num_work_hours, num_work_days) values (29, '2020-10-01 08:15:37', 1109, null, 10);
insert into Pay_slips (eid, payment_date, amount, num_work_hours, num_work_days) values (31, '2020-02-03 16:22:04', 1518, 13, null);
insert into Pay_slips (eid, payment_date, amount, num_work_hours, num_work_days) values (35, '2020-07-28 00:38:31', 3300, 30, null);
insert into Pay_slips (eid, payment_date, amount, num_work_hours, num_work_days) values (39, '2020-06-13 21:52:03', 566, 18, null);
insert into Pay_slips (eid, payment_date, amount, num_work_hours, num_work_days) values (40, '2020-03-07 02:14:03', 754, 13, null);
insert into Pay_slips (eid, payment_date, amount, num_work_hours, num_work_days) values (44, '2020-09-27 01:56:00', 655, 10, null);
insert into Pay_slips (eid, payment_date, amount, num_work_hours, num_work_days) values (49, '2021-03-03 02:13:51', 1068, 29, null);

--populate Full_time_Emp table
insert into Full_time_Emp (eid, monthly_salary) values (1, 3665);
insert into Full_time_Emp (eid, monthly_salary) values (2, 9390);
insert into Full_time_Emp (eid, monthly_salary) values (3, 8511);
insert into Full_time_Emp (eid, monthly_salary) values (4, 2296);
insert into Full_time_Emp (eid, monthly_salary) values (5, 3578);
insert into Full_time_Emp (eid, monthly_salary) values (6, 7753);
insert into Full_time_Emp (eid, monthly_salary) values (7, 9451);
insert into Full_time_Emp (eid, monthly_salary) values (8, 3943);
insert into Full_time_Emp (eid, monthly_salary) values (9, 4697);
insert into Full_time_Emp (eid, monthly_salary) values (10, 2670);
insert into Full_time_Emp (eid, monthly_salary) values (11, 6955);
insert into Full_time_Emp (eid, monthly_salary) values (12, 9169);
insert into Full_time_Emp (eid, monthly_salary) values (13, 9039);
insert into Full_time_Emp (eid, monthly_salary) values (14, 7211);
insert into Full_time_Emp (eid, monthly_salary) values (15, 3539);
insert into Full_time_Emp (eid, monthly_salary) values (16, 3660);
insert into Full_time_Emp (eid, monthly_salary) values (17, 8519);
insert into Full_time_Emp (eid, monthly_salary) values (18, 4669);
insert into Full_time_Emp (eid, monthly_salary) values (19, 8196);
insert into Full_time_Emp (eid, monthly_salary) values (20, 4893);
insert into Full_time_Emp (eid, monthly_salary) values (21, 5939);
insert into Full_time_Emp (eid, monthly_salary) values (22, 9896);
insert into Full_time_Emp (eid, monthly_salary) values (23, 2435);
insert into Full_time_Emp (eid, monthly_salary) values (24, 6954);
insert into Full_time_Emp (eid, monthly_salary) values (25, 4274);
insert into Full_time_Emp (eid, monthly_salary) values (26, 6306);
insert into Full_time_Emp (eid, monthly_salary) values (27, 7835);
insert into Full_time_Emp (eid, monthly_salary) values (28, 2479);
insert into Full_time_Emp (eid, monthly_salary) values (29, 2297);
insert into Full_time_Emp (eid, monthly_salary) values (30, 6541);
insert into Full_time_Emp (eid, monthly_salary) values (31, 3351);
insert into Full_time_Emp (eid, monthly_salary) values (32, 4554);
insert into Full_time_Emp (eid, monthly_salary) values (33, 1681);
insert into Full_time_Emp (eid, monthly_salary) values (34, 8468);
insert into Full_time_Emp (eid, monthly_salary) values (35, 1465);
insert into Full_time_Emp (eid, monthly_salary) values (36, 9841);
insert into Full_time_Emp (eid, monthly_salary) values (37, 6541);
insert into Full_time_Emp (eid, monthly_salary) values (38, 3254);

--populate Part_time_Emp table
insert into Part_time_Emp (eid, hourly_rate) values (39, 12);
insert into Part_time_Emp (eid, hourly_rate) values (40, 16);
insert into Part_time_Emp (eid, hourly_rate) values (41, 16);
insert into Part_time_Emp (eid, hourly_rate) values (42, 17);
insert into Part_time_Emp (eid, hourly_rate) values (43, 14);
insert into Part_time_Emp (eid, hourly_rate) values (44, 12);
insert into Part_time_Emp (eid, hourly_rate) values (45, 8);
insert into Part_time_Emp (eid, hourly_rate) values (46, 18);
insert into Part_time_Emp (eid, hourly_rate) values (47, 9);
insert into Part_time_Emp (eid, hourly_rate) values (48, 9);
insert into Part_time_Emp (eid, hourly_rate) values (49, 13);
insert into Part_time_Emp (eid, hourly_rate) values (50, 15);

--populate Instructors table
insert into Instructors (eid) values (1);
insert into Instructors (eid) values (2);
insert into Instructors (eid) values (3);
insert into Instructors (eid) values (4);
insert into Instructors (eid) values (5);
insert into Instructors (eid) values (6);
insert into Instructors (eid) values (7);
insert into Instructors (eid) values (8);
insert into Instructors (eid) values (9);
insert into Instructors (eid) values (10);
insert into Instructors (eid) values (11);
insert into Instructors (eid) values (12);
insert into Instructors (eid) values (13);
insert into Instructors (eid) values (39);
insert into Instructors (eid) values (40);
insert into Instructors (eid) values (41);
insert into Instructors (eid) values (42);
insert into Instructors (eid) values (43);
insert into Instructors (eid) values (44);
insert into Instructors (eid) values (45);
insert into Instructors (eid) values (46);
insert into Instructors (eid) values (47);
insert into Instructors (eid) values (48);
insert into Instructors (eid) values (49);
insert into Instructors (eid) values (50);

--populate Full_time_instructors table
insert into Full_time_instructors (eid) values (1);
insert into Full_time_instructors (eid) values (2);
insert into Full_time_instructors (eid) values (3);
insert into Full_time_instructors (eid) values (4);
insert into Full_time_instructors (eid) values (5);
insert into Full_time_instructors (eid) values (6);
insert into Full_time_instructors (eid) values (7);
insert into Full_time_instructors (eid) values (8);
insert into Full_time_instructors (eid) values (9);
insert into Full_time_instructors (eid) values (10);
insert into Full_time_instructors (eid) values (11);
insert into Full_time_instructors (eid) values (12);
insert into Full_time_instructors (eid) values (13);

--populate Part_time_instructors table
insert into Part_time_instructors (eid) values (39);
insert into Part_time_instructors (eid) values (40);
insert into Part_time_instructors (eid) values (41);
insert into Part_time_instructors (eid) values (42);
insert into Part_time_instructors (eid) values (43);
insert into Part_time_instructors (eid) values (44);
insert into Part_time_instructors (eid) values (45);
insert into Part_time_instructors (eid) values (46);
insert into Part_time_instructors (eid) values (47);
insert into Part_time_instructors (eid) values (48);
insert into Part_time_instructors (eid) values (49);
insert into Part_time_instructors (eid) values (50);

-- populate Administrators table
insert into Administrators (eid) values (14);
insert into Administrators (eid) values (15);
insert into Administrators (eid) values (16);
insert into Administrators (eid) values (17);
insert into Administrators (eid) values (18);
insert into Administrators (eid) values (19);
insert into Administrators (eid) values (20);
insert into Administrators (eid) values (21);
insert into Administrators (eid) values (22);
insert into Administrators (eid) values (23);
insert into Administrators (eid) values (24);
insert into Administrators (eid) values (25);

-- populate Managers table
insert into Managers (eid) values (26);
insert into Managers (eid) values (27);
insert into Managers (eid) values (28);
insert into Managers (eid) values (29);
insert into Managers (eid) values (30);
insert into Managers (eid) values (31);
insert into Managers (eid) values (32);
insert into Managers (eid) values (33);
insert into Managers (eid) values (34);
insert into Managers (eid) values (35);
insert into Managers (eid) values (36);
insert into Managers (eid) values (37);
insert into Managers (eid) values (38);

-- populate Course_areas table
insert into Course_areas (name, eid) values ("Networking", 26);
insert into Course_areas (name, eid) values ("Operating Systems", 28);
insert into Course_areas (name, eid) values ("Parallel Computing", 28);
insert into Course_areas (name, eid) values ("Database Systems", 30);
insert into Course_areas (name, eid) values ("Statistics", 31);
insert into Course_areas (name, eid) values ("Computer Security", 32);
insert into Course_areas (name, eid) values ("Algorithms", 33);
insert into Course_areas (name, eid) values ("Software Engineering", 33);
insert into Course_areas (name, eid) values ("Distributed Algorithms", 34);
insert into Course_areas (name, eid) values ("AI", 35);
insert into Course_areas (name, eid) values ("Machine Learning", 36);
insert into Course_areas (name, eid) values ("Calculus", 37);

-- populate Specializes table
insert into Specializes (eid, course_area) values (1, "Networking");
insert into Specializes (eid, course_area) values (1, "Database Systems");
insert into Specializes (eid, course_area) values (2, "Algorithms");
insert into Specializes (eid, course_area) values (3, "AI");
insert into Specializes (eid, course_area) values (4, "Database Systems");
insert into Specializes (eid, course_area) values (5, "Networking");
insert into Specializes (eid, course_area) values (5, "AI");
insert into Specializes (eid, course_area) values (5, "Algorithms");
insert into Specializes (eid, course_area) values (6, "Statistics");
insert into Specializes (eid, course_area) values (7, "Networking");
insert into Specializes (eid, course_area) values (8, "Networking");
insert into Specializes (eid, course_area) values (9, "Database Systems");
insert into Specializes (eid, course_area) values (10, "Machine Learning");
insert into Specializes (eid, course_area) values (11, "Networking");
insert into Specializes (eid, course_area) values (12, "Statistics");
insert into Specializes (eid, course_area) values (13, "Algorithms");
insert into Specializes (eid, course_area) values (13, "Networking");
insert into Specializes (eid, course_area) values (39, "Parallel Computing");
insert into Specializes (eid, course_area) values (40, "Calculus");
insert into Specializes (eid, course_area) values (41, "Software Engineering");
insert into Specializes (eid, course_area) values (41, "Parallel Computing");
insert into Specializes (eid, course_area) values (41, "Statistics");
insert into Specializes (eid, course_area) values (42, "Distributed Algorithms");
insert into Specializes (eid, course_area) values (43, "Computer Security");
insert into Specializes (eid, course_area) values (43, "AI");
insert into Specializes (eid, course_area) values (44, "Computer Security");
insert into Specializes (eid, course_area) values (45, "Distributed Algorithms");
insert into Specializes (eid, course_area) values (46, "Calculus");
insert into Specializes (eid, course_area) values (47, "Parallel Computing");
insert into Specializes (eid, course_area) values (47, "AI");
insert into Specializes (eid, course_area) values (48, "Software Engineering");
insert into Specializes (eid, course_area) values (49, "Computer Security");
insert into Specializes (eid, course_area) values (50, "Parallel Computing");

-- populate Courses
insert into Courses (course_id, title, description, course_area, duration) values (1, "Data Structures and Algorithms", "It continues the introduction and emphasises object-oriented programming with application to complex data structures.", "Algorithms", 100);
insert into Courses (course_id, title, description, course_area, duration) values (2, "Introduction to Information Security", "This module serves as an introductory module on information security.", "Computer Security", 90);
insert into Courses (course_id, title, description, course_area, duration) values (3, "Programming Methodology", "It explores two modern programming paradigms, object-oriented programming and functional programming.", "Algorithms", null);
insert into Courses (course_id, title, description, course_area, duration) values (4, "Database Systems", "The aim of this module is to introduce the fundamental concepts and techniques necessary for the understanding and practice of design and implementation of database applications and of the management of data with relational database management systems.", "Database Systems", null);
insert into Courses (course_id, title, description, course_area, duration) values (5, "Introduction to Computer Networks", null, "Networking", 95);
insert into Courses (course_id, title, description, course_area, duration) values (6, "Introduction to Operating Systems", null, "Operating Systems", 100);
insert into Courses (course_id, title, description, course_area, duration) values (7, "Software Engineering Project", null, "Software Engineering", null);
insert into Courses (course_id, title, description, course_area, duration) values (8, "Parallel Computing", "The aim of this module is to provide an introduction to the field of parallel computing with hands-on parallel programming experience on real parallel machines.", "Parallel Computing", 120);
insert into Courses (course_id, title, description, course_area, duration) values (9, "Operating Systems Design and Pragmatics", "This module builds upon the conceptual foundation formed and extends it to the study of real-life operating systems.", "Software Engineering", 120);
insert into Courses (course_id, title, description, course_area, duration) values (10, "Introduction to Artificial Intelligence", "The module introduces the basic concepts in search and knowledge representation as well as to a number of sub-areas of artificial intelligence.", "AI", 100);
insert into Courses (course_id, title, description, course_area, duration) values (11, "Machine Learning", "This module introduces basic concepts and algorithms in machine learning and neural networks.", "Machine Learning", 80);
insert into Courses (course_id, title, description, course_area, duration) values (12, "Probability and Statistics", "Basic concepts of probability, conditional probability, independence, random variables, joint and marginal distributions, mean and variance, some common probability distributions, sampling distributions, estimation and hypothesis testing based on a normal population.", "Statistics", 85);
insert into Courses (course_id, title, description, course_area, duration) values (13, "Calculus for Computing", "This module provides a basic foundation for calculus and its related subjects required by computing students.", "Calculus", 85);

-- populate Offerings
insert into Offerings(course_id, launch_date, fees, target_number_registrations, registration_deadline, start_date, end_date, eid, seating_capacity) values (1, 2020-06-09, 500.50, 300, 2020-08-01, 2020-08-15, 2020-11-30, 14, 350);
insert into Offerings(course_id, launch_date, fees, target_number_registrations, registration_deadline, start_date, end_date, eid, seating_capacity) values (1, 2020-01-01, 500.50, 250, 2020-01-15, 2020-02-01, 2020-05-30, 14, 275);
insert into Offerings(course_id, launch_date, fees, target_number_registrations, registration_deadline, start_date, end_date, eid, seating_capacity) values (2, 2019-08-01, 810.99, 450, 2020-01-01, 2020-01-15, 2020-04-30, 15, 512);
insert into Offerings(course_id, launch_date, fees, target_number_registrations, registration_deadline, start_date, end_date, eid, seating_capacity) values (4, 2019-03-23, 888.10, 200, 2019-05-06, 2019-05-20, 2019-08-02, 17, 225);
insert into Offerings(course_id, launch_date, fees, target_number_registrations, registration_deadline, start_date, end_date, eid, seating_capacity) values (4, 2020-03-23, 888, 300, 2020-05-06, 2020-05-20, 2020-08-02, 17, 371);
insert into Offerings(course_id, launch_date, fees, target_number_registrations, registration_deadline, start_date, end_date, eid, seating_capacity) values (4, 2021-03-23, 920, 300, 2021-05-06, 2021-05-20, 2021-08-02, 20, 381);
insert into Offerings(course_id, launch_date, fees, target_number_registrations, registration_deadline, start_date, end_date, eid, seating_capacity) values (5, 2019-08-25, 802.99, 666, 2019-09-23, 2020-01-01, 2020-04-23, 21, 700);
insert into Offerings(course_id, launch_date, fees, target_number_registrations, registration_deadline, start_date, end_date, eid, seating_capacity) values (6, 2021-06-06, 606.00, 220, 2021-07-01, 2021-08-02, 2021-12-12, 22, 250);
insert into Offerings(course_id, launch_date, fees, target_number_registrations, registration_deadline, start_date, end_date, eid, seating_capacity) values (7, 2020-07-17, 127.00, 127, 2020-07-30, 2020-09-02, 2020-12-21, 22, 130);
insert into Offerings(course_id, launch_date, fees, target_number_registrations, registration_deadline, start_date, end_date, eid, seating_capacity) values (8, 2018-05-25, 525.55, 525, 2018-06-10, 2018-07-07, 2018-10-10, 24, 600);
insert into Offerings(course_id, launch_date, fees, target_number_registrations, registration_deadline, start_date, end_date, eid, seating_capacity) values (9, 2020-01-01, 825.66, 50, 2020-02-01, 2020-02-20, 2020-06-06, 25, 60);
insert into Offerings(course_id, launch_date, fees, target_number_registrations, registration_deadline, start_date, end_date, eid, seating_capacity) values (9, 2021-07-17, 127.00, 127, 2021-07-30, 2021-09-02, 2021-12-21, 22, 130);
insert into Offerings(course_id, launch_date, fees, target_number_registrations, registration_deadline, start_date, end_date, eid, seating_capacity) values (11, 2020-02-14, 1314.00, 134, 2020-03-15, 2020-04-20, 2020-06-30, 21, 150);
insert into Offerings(course_id, launch_date, fees, target_number_registrations, registration_deadline, start_date, end_date, eid, seating_capacity) values (13, 2020-08-14, 564.00, 213, 2020-09-15, 2020-10-20, 2021-03-30, 17, 250);




-- sessions table need to take note of the dates and seating capacity in Offerings table